[
  {
    "id":"000",
    "title":"01. Design",
    "text":"포토샵툴을 활용한 비쥬얼 디자인.Figma 툴을 활용한 모바일 UIUX 디자인 및 프로토타입 개발."
  },
  {
    "id":"001",
    "title":"02. Html",
    "text":"한국형 웹 접근성 지침(KWCAG)을 준수한 Html5 웹표준 시멘틱 마크업"
  },
  {
    "id":"002",
    "title":"03. Css",
    "text":"Css 3.0 Flex 및 Grid 레이아웃 기반의 반응형 및 적응형 웹사이트 개발 (하드코딩)"
  },
  {
    "id":"003",
    "title":"04. Java Script",
    "text":"Java Script ES6 버전을 활용한 인터렉션 UI개발 (하드코딩)"
  },
  {
    "id":"004",
    "title":"05. Class",
    "text":"Java Script ES6 버전 Class 구문을 활용한 객체 지향 프로그래밍 개발 (OOP 프로그래밍)"
  },
  {
    "id":"005",
    "title":"06. Interaction",
    "text":"GSAP 라이브러리, ScrollTrigger 를 활용한 인터렉션 UI 개발. 인터렉션 2Depth 네비게이션 및 메인 비쥬얼 슬라이드 개발 (하드코딩)"
  },
  {
    "id":"006",
    "title":"07. JQuery",
    "text":"JQuery 라이브러리를 활용한 인터렉션 UI 개발"
  },
  {
    "id":"007",
    "title":"08. React",
    "text":"Text Text Text Text Text Text Text Text Text Text Text Text Text Text Text Text Text Text Text Text Text Text"
  }
]